<?xml version="1.0" encoding="UTF-8"?><scene>
    <interface>
        <com.idk.simple.GraphicInterface/>
        <com.idk.simple.PhysicsInterface/>
    </interface>
    <objects>
        <Default ac="true" p="-70.94418:51.70037" s="10.0:49.55694" a="0.0">
            <modifiers>
                <com.idk.simple.SpriteRenderer/>
                <com.idk.simple.Staticbody/>
            </modifiers>
        </Default>
        <Default ac="true" p="-30.577837:-110.36475" s="10.0:51.490776" a="0.0">
            <modifiers>
                <com.idk.simple.SpriteRenderer/>
                <com.idk.simple.Staticbody/>
            </modifiers>
        </Default>
        <Default ac="true" p="28.940735:-88.74273" s="10.0:51.490776" a="0.0">
            <modifiers>
                <com.idk.simple.SpriteRenderer/>
                <com.idk.simple.Staticbody/>
            </modifiers>
        </Default>
        <Default ac="true" p="88.14869:29.793888" s="10.0:51.490776" a="0.0">
            <modifiers>
                <com.idk.simple.SpriteRenderer/>
                <com.idk.simple.Staticbody/>
            </modifiers>
        </Default>
        <Default ac="true" p="272.83655:0.8611016" s="10.0:51.490776" a="45.0">
            <modifiers>
                <com.idk.simple.SpriteRenderer/>
                <com.idk.simple.Staticbody/>
            </modifiers>
        </Default>
        <Default ac="true" p="382.5391:0.8611016" s="10.0:51.490776" a="45.0">
            <modifiers>
                <com.idk.simple.SpriteRenderer/>
                <com.idk.simple.Staticbody/>
            </modifiers>
        </Default>
        <Default ac="true" p="185.59004:0.8611016" s="10.0:51.490776" a="45.0">
            <modifiers>
                <com.idk.simple.SpriteRenderer/>
                <com.idk.simple.Staticbody/>
            </modifiers>
        </Default>
        <Default ac="true" p="235.36461:-130.01694" s="10.0:51.490776" a="-45.0">
            <modifiers>
                <com.idk.simple.SpriteRenderer/>
                <com.idk.simple.Staticbody/>
            </modifiers>
        </Default>
        <Default ac="true" p="328.16354:-137.8659" s="10.0:51.490776" a="-45.0">
            <modifiers>
                <com.idk.simple.SpriteRenderer/>
                <com.idk.simple.Staticbody/>
            </modifiers>
        </Default>
        <Default ac="true" p="497.34003:15.1543045" s="10.0:51.490776" a="0.0">
            <modifiers>
                <com.idk.simple.SpriteRenderer/>
                <com.idk.simple.Staticbody/>
            </modifiers>
        </Default>
        <Default ac="true" p="564.09705:-90.37808" s="10.0:51.490776" a="0.0">
            <modifiers>
                <com.idk.simple.SpriteRenderer/>
                <com.idk.simple.Staticbody/>
            </modifiers>
        </Default>
        <Default ac="true" p="648.0516:-174.7196" s="10.0:51.490776" a="0.0">
            <modifiers>
                <com.idk.simple.SpriteRenderer/>
                <com.idk.simple.Staticbody/>
            </modifiers>
        </Default>
        <Default ac="true" p="706.08466:-136.03085" s="10.0:51.490776" a="0.0">
            <modifiers>
                <com.idk.simple.SpriteRenderer/>
                <com.idk.simple.Staticbody/>
            </modifiers>
        </Default>
        <Default ac="true" p="764.11774:-97.342064" s="10.0:51.490776" a="0.0">
            <modifiers>
                <com.idk.simple.SpriteRenderer/>
                <com.idk.simple.Staticbody/>
            </modifiers>
        </Default>
        <Default ac="true" p="815.5738:-46.272858" s="10.0:51.490776" a="0.0">
            <modifiers>
                <com.idk.simple.SpriteRenderer/>
                <com.idk.simple.Staticbody/>
            </modifiers>
        </Default>
        <Default ac="true" p="883.5341:41.91203" s="10.0:51.490776" a="0.0">
            <modifiers>
                <com.idk.simple.SpriteRenderer/>
                <com.idk.simple.Staticbody/>
            </modifiers>
        </Default>
        <Default ac="true" p="936.4212:-6.616125" s="10.0:51.490776" a="0.0">
            <modifiers>
                <com.idk.simple.SpriteRenderer/>
                <com.idk.simple.Staticbody/>
            </modifiers>
        </Default>
        <Default ac="true" p="994.5389:-59.79368" s="10.0:51.490776" a="0.0">
            <modifiers>
                <com.idk.simple.SpriteRenderer/>
                <com.idk.simple.Staticbody/>
            </modifiers>
        </Default>
        <Default ac="true" p="1051.2662:-34.773117" s="10.0:51.490776" a="0.0">
            <modifiers>
                <com.idk.simple.SpriteRenderer/>
                <com.idk.simple.Staticbody/>
            </modifiers>
        </Default>
        <empty ac="true" p="528.3621:120.33581" s="895.65137:51.584045" a="0.0">
            <modifiers>
                <com.idk.simple.Staticbody/>
                <com.idk.simple.SpriteRenderer/>
            </modifiers>
        </empty>
        <empty ac="true" p="116.292015:-201.31958" s="483.75458:51.584045" a="0.0">
            <modifiers>
                <com.idk.simple.Staticbody/>
                <com.idk.simple.SpriteRenderer/>
            </modifiers>
        </empty>
        <empty ac="true" p="993.92993:-214.67332" s="483.75458:51.584045" a="0.0">
            <modifiers>
                <com.idk.simple.Staticbody/>
                <com.idk.simple.SpriteRenderer/>
            </modifiers>
        </empty>
        <win ac="true" p="1299.8064:-176.5633" s="66.0:55.0" a="0.0">
            <modifiers/>
        </win>
        <Square ac="true" p="427.0632:-58.87035" s="1409.589:605.2557" a="-1.0">
            <modifiers>
                <com.idk.simple.SpriteRenderer/>
            </modifiers>
        </Square>
        <player ac="true" p="-177.0:2.0" s="7.0:7.0" a="0.0">
            <modifiers>
                <com.idk.simple.SpriteRenderer/>
                <com.idk.simple.OrthoCamera/>
                <com.idk.simple.Rigidbody/>
                <com.test.MyScript/>
            </modifiers>
        </player>
        <win ac="true" p="1292.4991:-77.13776" s="97.20753:23.695187" a="0.0">
            <modifiers>
                <com.idk.simple.SpriteRenderer/>
            </modifiers>
        </win>
    </objects>
</scene>
